,Unnamed: 0.2,Unnamed: 0.1,Unnamed: 0,Brand,Processor_Speed,RAM_Size,Storage_Capacity,Screen_Size,Weight,Price
0,,0.0,,,,,,,,
1,1.0,1.0,,,2.912832958973022,,,,,31607.60591926617
2,2.0,2.0,2.0,Lenovo,,4.0,,11.853022680223374,2.029060648222903,
3,3.0,3.0,3.0,Acer,,,512.0,,,17436.72833420527
4,4.0,,,,,,,,,
5,5.0,,5.0,,1.8813476072856528,16.0,256.0,,4.84026810552111,9543.719980129945
6,6.0,,,Lenovo,,32.0,256.0,,4.344846437589197,
7,7.0,7.0,7.0,,,,,15.588314848857674,,9214.484505999935
8,8.0,8.0,,,,,,15.026331703159489,2.743620076185271,
9,9.0,9.0,9.0,,3.341110589061807,,,13.611945328731418,,18501.83273321414
10,10.0,10.0,,Asus,3.835917536922537,,,14.295858628880625,3.0923383250314984,31967.607631536364
11,,,11.0,,,32.0,,,,18534.108629919712
12,,12.0,12.0,,,8.0,512.0,,2.018772413079411,17495.98363758707
13,13.0,,13.0,HP,1.783095114601888,16.0,,14.040035893896476,2.1856571050414257,
14,14.0,14.0,,,,,,,,
15,15.0,,15.0,HP,3.5972452161148354,32.0,,,,
16,16.0,16.0,,,,16.0,,11.096371189886035,4.254358833378031,
17,,17.0,17.0,Acer,,,256.0,,2.3958959588718853,
18,18.0,,18.0,Dell,,16.0,,11.746296987447948,,9637.891638203962
19,19.0,,19.0,Asus,,,256.0,15.785284163223196,2.5833429332950657,9593.110592180388
20,20.0,20.0,20.0,,,,,,,
21,21.0,21.0,,,2.4975067596753258,,1000.0,16.059668545618415,,
22,,,,Asus,,,1000.0,,,
23,23.0,23.0,23.0,Dell,2.3379931041147524,16.0,1000.0,14.353883804598643,2.665345934576956,32114.82080257049
24,24.0,24.0,24.0,,,,,,,9929.514355970863
25,25.0,25.0,25.0,,,,1000.0,,,31623.8142296768
26,26.0,26.0,26.0,Lenovo,,4.0,,14.205743311362054,,
27,27.0,27.0,27.0,,,,,,,
28,28.0,,,Asus,2.843489007344808,,,13.577575661456388,,16729.550875026107
29,29.0,29.0,29.0,Asus,3.799639041031901,8.0,1000.0,12.853006544044046,2.151677563878617,31747.60460557713
30,30.0,30.0,30.0,Lenovo,2.3658649859149032,32.0,1000.0,13.893586167513153,3.8793710590307815,32817.51657673146
31,31.0,31.0,31.0,Asus,2.367383004740569,,,11.710954152610404,2.8619801495267057,10605.76645913327
32,32.0,32.0,32.0,Asus,,32.0,,,,
33,33.0,,,Dell,,,,15.286464581759589,2.9959948827132954,
34,,,,,,,256.0,,,8973.58968596835
35,35.0,35.0,,,,16.0,256.0,,,9912.491624645294
36,36.0,,,Lenovo,,,,,,
37,37.0,37.0,37.0,Acer,,,256.0,15.852739907381231,4.182587690675285,
38,38.0,,,Dell,,,,,,
39,39.0,39.0,,HP,,4.0,256.0,,4.081416670902235,9221.138434690329
40,40.0,,40.0,,,,256.0,,,
41,41.0,41.0,,Dell,,,,,,
42,,,,Asus,,32.0,256.0,,2.625765103223152,
43,43.0,43.0,43.0,HP,,32.0,512.0,11.425349455347712,2.8891760206258503,18167.2998292549
44,44.0,44.0,44.0,HP,1.532736141470834,4.0,1000.0,12.87717896513078,4.73240801290944,31381.405548006263
45,45.0,45.0,,,,4.0,,16.611782591271965,3.642244521139178,
46,46.0,,,,,,,,,
47,,47.0,,Acer,,16.0,,,,
48,48.0,48.0,,,,,1000.0,14.767960295624588,3.2231473119956755,
49,49.0,49.0,49.0,Asus,2.53656030931756,16.0,512.0,12.485060438842472,2.376696735911754,17493.650157480613
50,,,50.0,,1.7133741701966096,,,11.976890298061182,,
51,51.0,51.0,51.0,Asus,3.992185629614868,32.0,512.0,12.121486643650767,4.482069664478437,18495.180974797404
52,52.0,,,,,,,,,
53,53.0,,,,,32.0,,13.344092665915635,,
54,54.0,,,,1.6676911934710688,,1000.0,12.148566082997256,4.408553626986638,
55,55.0,55.0,55.0,,,4.0,,13.469932762740214,2.739559716913949,
56,56.0,56.0,56.0,Asus,2.0247639827389645,4.0,1000.0,16.60996659103259,4.928098095800611,31650.730149513987
57,57.0,57.0,,,3.745135723601784,,,,3.0344528232385093,
58,58.0,,,,2.012849101205018,8.0,,16.267906981909007,3.0119328624536825,
59,59.0,59.0,59.0,HP,1.9767193016591664,16.0,512.0,14.633028599695258,2.9357357166101155,17283.3760078759
60,60.0,,60.0,HP,1.5913741696202373,,,12.482789327968352,2.366334547772864,16788.668595688672
61,61.0,61.0,61.0,Asus,,,256.0,,2.333411441996037,10029.5817669081
62,62.0,,,Acer,2.912102833156541,,,11.503517214928577,,
63,63.0,63.0,63.0,HP,1.664271598570881,8.0,512.0,13.000775561576065,4.625354133674141,17008.985706336844
64,64.0,64.0,,,,,256.0,15.065245673021204,,
65,65.0,65.0,65.0,Asus,2.6332220868700693,32.0,1000.0,11.432666557576612,2.4233227820640533,33008.898865411786
66,66.0,,66.0,HP,2.81097567331895,32.0,,12.232408450868176,,
67,67.0,67.0,67.0,HP,2.60190686734557,16.0,256.0,13.288646248479868,2.31677463792992,9859.675147759026
68,68.0,68.0,,,,,,,,
69,69.0,69.0,,,,8.0,512.0,,3.969157578154302,16702.35101114597
70,70.0,70.0,70.0,Dell,1.8881006148267807,8.0,1000.0,15.400920478952624,3.605457001041051,31232.363630769603
71,71.0,71.0,71.0,,,,,11.697145739152676,,31169.850513456506
72,72.0,,72.0,,,4.0,256.0,15.685975361689948,,9486.59493721812
73,73.0,,73.0,HP,3.8652886553340817,,1000.0,,,33005.18133837966
74,74.0,,74.0,Acer,,,,,,17299.66299417338
75,75.0,75.0,75.0,HP,,,1000.0,,,
76,76.0,76.0,76.0,Dell,3.10999885809754,32.0,256.0,12.951523435547312,3.513857073823087,10514.889245702288
77,77.0,,,Asus,,,,16.64763468945111,,
78,78.0,78.0,78.0,Asus,1.5634658891508622,32.0,512.0,16.488386689739023,2.5071853353191487,18310.41380623579
79,79.0,79.0,,,,,512.0,11.068883958496269,3.0554150192310576,16833.276091774973
80,,,,Acer,,,1000.0,,,
81,,81.0,81.0,Dell,3.1473098547753784,,1000.0,16.86262539830944,3.5212472721808004,31954.95009707073
82,82.0,82.0,82.0,Acer,1.5677399812587087,,,11.618728174448457,,9437.652448312245
83,83.0,,83.0,Acer,2.054930404832373,4.0,512.0,14.286708166299915,,16879.49194023418
84,84.0,,,,,32.0,512.0,16.873745042246625,4.304016305939629,
85,85.0,,,,,8.0,,,,16959.08793158975
86,86.0,86.0,,Dell,1.5492763443859103,16.0,1000.0,,3.3393257653896464,31849.94957524409
87,87.0,87.0,,,1.760271454961435,4.0,,,3.856316231123015,16691.8538808074
88,88.0,,88.0,Asus,3.499790213432973,,256.0,,,9454.453848798114
89,89.0,,,Lenovo,1.946361655135834,,,,3.502132777510014,
90,90.0,90.0,90.0,Lenovo,,,,11.444253307474089,3.93458366844494,31996.360216835685
91,91.0,91.0,,,,,1000.0,,,31624.8432680589
92,92.0,92.0,92.0,,1.748603481898363,,512.0,14.10073963476895,,18295.118647808857
93,93.0,93.0,93.0,Lenovo,2.107930477498635,,1000.0,,2.8368142282204305,
94,94.0,,,,,,,,,9107.981058442165
95,95.0,,95.0,,3.6392411702657146,,512.0,,,
96,96.0,,,Acer,3.575549661417479,8.0,256.0,15.138673095488729,3.809576496844002,
97,,97.0,,HP,2.492958824046137,,512.0,,,17807.040217535818
98,,,,,,,,,,
99,99.0,99.0,,,,,,12.032663616936668,,18042.955600013647
100,100.0,100.0,100.0,Asus,2.2328693256525334,4.0,512.0,16.553133247111283,3.476696945547225,16746.84865578127
101,101.0,101.0,101.0,Dell,,32.0,256.0,11.410004629073626,2.5850269413158475,11055.045240035955
102,102.0,,102.0,,,,,,3.956279185644952,
103,,103.0,,,,16.0,512.0,,,
104,104.0,,104.0,Dell,,,1000.0,,4.374390622668557,31568.083455808148
105,105.0,,,,,4.0,,,,
106,106.0,,106.0,,1.9535885877244927,,,14.320274096760244,,
107,107.0,107.0,107.0,Asus,2.95760390242423,4.0,1000.0,,2.1830214290161845,31533.20155491725
108,108.0,,108.0,,,,,15.222753865943046,,
109,109.0,109.0,109.0,Lenovo,3.731679277692437,8.0,1000.0,13.239558886776551,2.27981434033451,31512.88406850961
110,110.0,110.0,110.0,,3.5436089043461023,,,,,
111,111.0,,,Lenovo,2.35454337924469,8.0,,13.704118849633478,2.405240438677282,
112,,,,,,,,,,
113,113.0,113.0,113.0,Lenovo,2.449231020418168,,512.0,14.501341803948913,,17407.53842775571
114,114.0,114.0,,Dell,2.975737356287019,,,14.154537317354809,,
115,115.0,115.0,115.0,Acer,2.17015910205719,32.0,1000.0,,,32689.03038985435
116,116.0,,,,,,,11.012111106489405,2.0162147710180096,31828.83010465009
117,117.0,,,,,,,,,
118,118.0,118.0,118.0,,,8.0,,11.702396248545012,,31601.43744615208
119,119.0,,119.0,,,4.0,256.0,,2.4301861100326776,
120,120.0,120.0,120.0,,,,,14.673548904571067,2.055158426454792,16523.52327190858
121,121.0,,121.0,,3.871133267405392,,,,3.392200068213514,
122,122.0,122.0,122.0,,3.409014485399402,4.0,,,,17204.64783482446
123,123.0,123.0,,Lenovo,1.8502829394161315,8.0,,11.040092775343329,,31515.502993169488
124,124.0,124.0,,Dell,3.671169939744782,,512.0,15.633806090992056,,18366.44450856108
125,125.0,,125.0,Asus,,,,14.751228617182656,,
126,126.0,126.0,,,3.7363805672352286,,256.0,13.241328806286091,2.753240310995503,
127,,,127.0,,3.499638139868288,,,,3.951275746471593,32336.20253073521
128,128.0,128.0,128.0,Acer,2.563033761173084,16.0,,,2.637001922860674,
129,129.0,129.0,,,1.5561732708002936,,256.0,,2.366022240730667,
130,,130.0,,,,,,16.617602836479314,,
131,131.0,,131.0,,2.854085536652168,,,,2.34032245131175,18464.505286084324
132,132.0,132.0,,,,,,16.63790906776105,4.990727655768066,17376.019528331424
133,133.0,133.0,133.0,,2.1447192135830058,,,12.322902160839824,2.550357203450688,17980.79592868101
134,134.0,134.0,134.0,,,8.0,,,,
135,135.0,135.0,135.0,Lenovo,3.587325591998248,8.0,1000.0,14.703494125092355,3.234123714237768,31772.920990386385
136,136.0,,136.0,,3.96100545175888,16.0,,,,
137,137.0,137.0,,,,4.0,256.0,12.28800718383522,2.08353172273224,
138,138.0,138.0,138.0,,,8.0,1000.0,,3.8681968468785,
139,139.0,,139.0,Acer,2.1807683162984226,32.0,,13.988242358341214,4.420272691367378,32806.59086064783
140,140.0,,140.0,Dell,,,,15.456949849437898,,31236.54145744455
141,141.0,141.0,141.0,Acer,3.785747016401248,4.0,512.0,12.962267864910906,3.4481404192308034,16954.6650023628
142,142.0,142.0,142.0,Asus,,,,,4.332366401547157,
143,143.0,,,,,,256.0,,,
144,,,,,,4.0,512.0,,,
145,145.0,145.0,145.0,Asus,,,256.0,,,
146,146.0,,146.0,,,16.0,1000.0,15.903513868200928,,
147,147.0,147.0,,Lenovo,3.574354509268004,32.0,,,4.4165777407281706,
148,148.0,148.0,148.0,,2.016053179401508,,256.0,,3.193652526671069,9850.110563874518
149,,149.0,149.0,Asus,1.5274895716462011,8.0,1000.0,,,
150,150.0,,,,,16.0,,,,9771.526709907295
151,151.0,151.0,151.0,,3.750046604620264,,256.0,14.281255795256268,,9926.27477787204
152,,152.0,152.0,Dell,,,256.0,,2.074052471673754,
153,153.0,,,Dell,2.993532755425771,,,,3.088260801197456,
154,154.0,,,Lenovo,3.001292151084133,,1000.0,12.224147994431473,,33063.16548039221
155,155.0,,155.0,Dell,,32.0,256.0,14.923964554038808,4.519461056610465,10791.994833192382
156,156.0,,,,,4.0,,,,
157,,157.0,,Acer,3.7860298648124,8.0,512.0,,4.400619043050737,16953.654943429603
158,158.0,,158.0,Dell,,16.0,1000.0,,4.589027138201681,32215.48938141632
159,159.0,,,,,4.0,,,,31218.30819917556
160,160.0,,,,,,,,4.554782957912657,
161,161.0,,,Dell,,4.0,1000.0,,4.974360703528376,
162,162.0,162.0,,Acer,1.9157084218901983,32.0,,,4.1805164931447125,32653.960197510933
163,163.0,163.0,163.0,Dell,3.345084041065926,16.0,512.0,16.467009711080475,4.354309045474964,17857.15877167418
164,164.0,164.0,,,1.706996669812816,,,,,
165,165.0,165.0,165.0,HP,3.0078802736659704,8.0,,13.548629182550318,,
166,166.0,,166.0,Asus,,,256.0,,,
167,167.0,167.0,,Lenovo,,,,,4.512592502228167,
168,168.0,168.0,168.0,Dell,2.2217343419267497,4.0,256.0,14.568819288066738,3.8434573325348937,9000.733644385671
169,169.0,169.0,,,2.3891817911623727,,512.0,13.233202350951316,3.7435862711628696,16757.01448914171
170,,,170.0,,3.2976147629606136,16.0,,12.99820923083239,2.7609066665421147,17684.869162090497
171,,171.0,171.0,,,32.0,,16.309785849083525,,
172,172.0,,172.0,HP,2.9160116007422427,,,,,
173,173.0,,173.0,Asus,2.690126005497749,4.0,256.0,,,9084.371552686822
174,174.0,174.0,,Asus,3.15917791340662,32.0,,12.699828574549583,2.9774703823114543,10869.936265088454
175,,,175.0,HP,,,512.0,15.720617020142765,2.3833239583699712,17080.49072571302
176,,176.0,176.0,Lenovo,,,,13.38468894139455,,
177,177.0,,,,,32.0,512.0,14.081666279265947,,18215.27563711241
178,178.0,,,,1.5779578376532115,,1000.0,12.520143020357969,,31123.00052356164
179,179.0,179.0,,,2.1556601107495625,,1000.0,16.92595755404751,4.708116531336069,
180,180.0,,180.0,,,32.0,1000.0,12.748974445542338,,32908.69340148634
181,181.0,181.0,,,1.6285645337106258,,,,,
182,182.0,182.0,182.0,Dell,,,,,2.378813411323196,17196.585377609033
183,,183.0,183.0,HP,,,,12.23730443050484,4.440303446972792,32653.09999958263
184,184.0,184.0,184.0,HP,2.335609727042402,4.0,512.0,15.798312583789167,4.772762823809348,16613.5085481996
185,185.0,,185.0,Asus,3.427280509364554,,512.0,,,17629.77767355734
186,,186.0,,Acer,,4.0,,,3.496913350741298,31216.57452719055
187,187.0,,,Dell,1.687844454339522,32.0,1000.0,,,32159.48537202643
188,188.0,188.0,,Dell,3.3204718905090083,,512.0,16.158943012347656,,
189,,,,,,,1000.0,,,
190,190.0,,,,,,512.0,15.724240070030634,,18502.21699683582
191,191.0,,191.0,,,,,,,
192,192.0,192.0,192.0,Asus,2.1160050830977672,8.0,1000.0,16.24233752109335,4.673600219190807,31428.70478343292
193,193.0,193.0,,HP,,,,14.827725576108431,,
194,,,,,,,1000.0,,,32141.824638347352
195,195.0,195.0,,,3.236741177136067,,,,,
196,196.0,196.0,196.0,Lenovo,2.1803628430749065,8.0,512.0,14.210153027593597,2.4446523862979737,16929.315969834894
197,197.0,197.0,,Dell,,,512.0,11.866325792802003,2.2762962625987693,
198,198.0,198.0,198.0,Acer,2.402434742350067,32.0,256.0,15.703924152136132,4.44582899327168,10241.803176187252
199,199.0,199.0,199.0,,1.7289551833165857,8.0,512.0,13.51633767000183,4.683213165945522,16724.505692735114
200,200.0,,,,,,,14.000480709629496,,
201,,201.0,201.0,,1.8420465772974035,,,,,9881.335513541208
202,202.0,202.0,,,3.875593384552006,,,14.593072400476634,3.659335913175114,
203,203.0,203.0,,Dell,,8.0,,12.206592364656004,4.4367743629710255,
204,204.0,204.0,204.0,Asus,,4.0,1000.0,,,31764.03766459276
205,205.0,205.0,,Lenovo,,,1000.0,13.445797147877936,3.9988035844371153,
206,206.0,206.0,,,3.6823645896910207,4.0,,,,
207,,,207.0,,,4.0,512.0,11.169867646416009,2.6771831715173824,16609.82135919522
208,208.0,208.0,208.0,Asus,,32.0,256.0,12.26017609709769,3.1696992388732417,10474.26099123632
209,209.0,209.0,,Asus,3.146958416776793,32.0,256.0,,3.4401421319302568,
210,210.0,210.0,210.0,Lenovo,3.2306914112946314,8.0,256.0,15.277760047152835,2.414046461060156,9346.064573576532
211,211.0,211.0,,Asus,3.6229891289132974,8.0,256.0,11.068954839788692,2.2431158313951705,
212,212.0,212.0,212.0,,2.1241700221479647,8.0,1000.0,,4.4891685989648735,31372.50378014099
213,213.0,213.0,213.0,HP,2.723562409107851,,1000.0,,,
214,214.0,214.0,,Lenovo,,,,11.671283699294744,,
215,215.0,215.0,215.0,,,,,,,10901.062546460897
216,216.0,,,,,4.0,256.0,,,
217,217.0,,,Asus,1.5985670284212647,,,,4.673954619080896,
218,218.0,218.0,218.0,Dell,3.263937931289221,8.0,256.0,15.480659837202309,3.39144274918304,9635.717452517947
219,219.0,,,,,,,,,
220,220.0,220.0,220.0,HP,1.9514383628183336,8.0,256.0,15.958928541174576,3.4293838137181987,9279.03174625438
221,221.0,221.0,221.0,Dell,2.9198630763815734,4.0,,13.67720732586526,,9194.57565829342
222,,222.0,,,,4.0,,15.835067195706998,,
223,223.0,,223.0,,1.584864946464497,32.0,512.0,,,17880.004532059324
224,224.0,224.0,,,,,,,,
225,225.0,225.0,,Dell,,,,13.659839057103053,,18151.5867749036
226,,226.0,,HP,3.810990488441326,,,14.320281127194486,,10027.7082709325
227,227.0,227.0,,,3.92764561291342,16.0,1000.0,,,
228,228.0,,,,,,,15.45518499704253,,
229,229.0,,229.0,Asus,2.6855355416436595,,,11.459814838851493,,
230,230.0,230.0,,,,,,,,
231,231.0,231.0,231.0,Dell,3.611373496337676,16.0,512.0,15.968700974038056,2.770230488929274,17242.828225910383
232,,232.0,,,,,,,,
233,233.0,233.0,233.0,Asus,3.572288685376693,8.0,,15.855946389711574,,
234,234.0,,234.0,,1.5925190867887316,,,15.718146398368887,4.984052495589461,32652.89807631292
235,235.0,,235.0,,,,512.0,14.793299586523696,,17595.709114375557
236,,236.0,236.0,Dell,2.075022093219258,4.0,,,4.341043588220476,
237,237.0,237.0,237.0,Asus,1.801417214443197,32.0,256.0,12.628992525091206,4.02110520062647,10321.729413074818
238,238.0,238.0,238.0,,1.6923830040730228,,,12.3907015417361,4.302496491772116,
239,239.0,239.0,239.0,Acer,3.2407219396953493,8.0,1000.0,12.911653776581645,2.922589386471369,31859.430745037665
240,,240.0,,Lenovo,2.3496874094201656,,256.0,16.42135066059518,3.4761634681472016,
241,241.0,,,Dell,3.311916928821904,,,,,31823.64815465801
242,242.0,,,Dell,1.663390851997356,,,15.973227657517752,,31815.64050789825
243,,243.0,,Lenovo,2.288225844576526,,,13.093340450250942,,
244,244.0,244.0,244.0,Lenovo,2.848728230938343,4.0,256.0,14.12959637606815,3.653152859884797,9024.89080903652
245,,245.0,245.0,Lenovo,,8.0,1000.0,,3.570690738589567,
246,246.0,246.0,246.0,Asus,,4.0,,16.306259282137827,,
247,247.0,247.0,247.0,Dell,3.064728441092522,8.0,1000.0,13.06868852043588,2.8942269515744683,31747.39378248772
248,248.0,,,,,32.0,,,,11008.9067734798
249,249.0,,249.0,,,16.0,1000.0,,4.314536185995463,
250,250.0,,250.0,Dell,2.082398686884084,,512.0,11.079506201023465,,16669.19633161232
251,251.0,,251.0,,,8.0,,,4.497251550230758,31160.04319560088
252,,,,,,,,,,
253,,,,,,,256.0,,,
254,254.0,254.0,254.0,Dell,3.6867541817104974,32.0,256.0,15.331575365094077,2.2000816442163464,10405.95143539082
255,255.0,,,Lenovo,,,1000.0,13.308821703326618,,32808.856450782005
256,256.0,256.0,,Dell,3.8476692462822406,,,13.93625869382402,,17065.081629541877
257,257.0,257.0,257.0,Acer,3.4969580894341634,,,13.57765155279418,4.797633768057352,16854.30343210921
258,258.0,,258.0,,3.994835276333344,,,,,
259,259.0,259.0,259.0,HP,2.3767795386292754,4.0,512.0,16.177834393921774,2.815359548240388,16575.251835695293
260,260.0,260.0,,HP,3.417970722327817,,1000.0,,,32274.63025978199
261,261.0,261.0,261.0,Lenovo,2.504827284023105,16.0,256.0,15.736593165171149,3.795785322214012,10131.593323529152
262,262.0,,262.0,,,32.0,1000.0,,3.9588489744135273,33111.68849986043
263,263.0,,263.0,,,,256.0,,2.461758529348715,
264,264.0,264.0,264.0,Asus,3.684192785465847,,256.0,,4.931095029635528,9664.037025023415
265,265.0,265.0,265.0,Dell,3.9602086729982378,16.0,256.0,13.485205553430982,3.6343166809483662,9978.874050006958
266,266.0,266.0,266.0,Asus,3.420683534661296,32.0,256.0,15.394483188876013,2.407064953376838,10387.0530853186
267,267.0,267.0,267.0,Dell,,,,,4.680905760038401,
268,268.0,268.0,,Acer,2.5533925056926754,,1000.0,11.728972346526591,,
269,269.0,269.0,,Asus,,8.0,1000.0,,,31848.65514844668
270,270.0,,270.0,Lenovo,,,1000.0,14.49286284546679,,
271,271.0,271.0,271.0,Dell,1.7761852828284868,32.0,,,4.101295397469512,10723.115825341803
272,272.0,,,,,,,12.271365982640654,4.311341663221969,18152.54918807709
273,273.0,273.0,,Asus,,,1000.0,,3.011908509402459,
274,,274.0,274.0,Lenovo,2.240770301139975,8.0,512.0,12.001586424905009,4.824730558201802,16912.47369317647
275,275.0,275.0,275.0,Lenovo,2.084019377624774,32.0,256.0,12.46237689514605,3.589141898325103,10428.1312270273
276,276.0,,276.0,,,,,,,
277,277.0,277.0,277.0,Lenovo,,8.0,512.0,13.014042998234356,4.772323147733839,16777.65548577389
278,278.0,,,,3.969305974340079,8.0,,15.496342716806954,4.9255399279265255,9647.836304717026
279,279.0,,,,2.569432834339656,,,14.431473223103604,4.499613069790023,
280,,280.0,,HP,,16.0,,16.917480031708408,,32039.04200238277
281,281.0,,,Acer,,,,13.488414961804828,,
282,,282.0,,Dell,,,256.0,15.52319044302155,,
283,283.0,283.0,283.0,,,16.0,,16.228810528259203,,9968.179815116977
284,,,,,,,,,4.028315077443056,
285,285.0,285.0,285.0,Acer,1.7235275057806487,,512.0,,2.921716885543161,17573.057889351905
286,286.0,286.0,,Asus,2.543951939462321,8.0,512.0,15.521567784474517,3.110073572428448,16968.45371903162
287,,287.0,287.0,Acer,3.697795768905412,,,12.222002826636109,3.651415331308821,
288,288.0,,,Lenovo,,,,,,
289,289.0,289.0,289.0,Asus,2.6685037781246743,32.0,1000.0,14.280111530595732,2.953947654021005,32812.68702948411
290,290.0,290.0,,Lenovo,,4.0,1000.0,14.45245632371689,3.739193498402576,
291,291.0,,291.0,Dell,1.917584865230188,32.0,,,3.0368749807292046,17999.390306277077
292,292.0,292.0,292.0,Dell,3.9779215653424416,8.0,512.0,16.67068513253605,4.4473082139053215,17328.134576567532
293,293.0,,293.0,Asus,,8.0,,15.17976362730434,,31803.593813995874
294,294.0,294.0,,,3.856829435337814,8.0,1000.0,,2.230168480558656,31773.80361638789
295,,,,,,,,,,17299.430104201827
296,296.0,,296.0,Acer,3.019341987197148,,,13.634573391504972,2.183314002858897,17354.575214695695
297,297.0,297.0,,Lenovo,2.7817212775412714,32.0,1000.0,16.88261342162223,,
298,298.0,298.0,298.0,Asus,2.0766745292943964,32.0,256.0,14.07370854346091,2.3190118920446814,10558.374400119386
299,299.0,299.0,,,1.9413200800137709,,512.0,11.685714619987875,2.342419907928896,
300,300.0,,300.0,Acer,2.0512155226754385,,,15.588805834755664,4.823144780115131,32809.51886963163
301,,301.0,,Acer,,,,,,
302,302.0,302.0,302.0,,,,1000.0,,3.356259790434098,
303,303.0,303.0,303.0,Acer,2.375313147916825,,,16.708652172354086,4.957415962550617,
304,304.0,,,,,,256.0,,2.000559584511989,
305,305.0,305.0,,,3.922756575352029,,1000.0,,,
306,306.0,306.0,306.0,Dell,3.709464712408564,16.0,512.0,16.143853414165044,3.84928453211561,17905.288938740137
307,307.0,307.0,307.0,Asus,3.819380707988032,,,15.039478636127187,3.3723291676096645,9576.799205329233
308,308.0,,308.0,Acer,,8.0,,,,32018.23509548632
309,309.0,309.0,,Acer,1.9347381230487184,16.0,256.0,16.31371858545064,3.366149406441823,9594.15776505564
310,310.0,310.0,310.0,Dell,2.490605047256647,32.0,512.0,12.331402764706237,3.2448813082390413,18157.022324409696
311,311.0,311.0,311.0,,3.395596189260228,4.0,1000.0,,,
312,312.0,312.0,312.0,HP,3.2400515451344805,,,,,17547.663503854328
313,,313.0,,Dell,,,,,,32638.547131597392
314,314.0,314.0,314.0,HP,,16.0,,15.183652514323144,,
315,,315.0,315.0,HP,,16.0,1000.0,,,
316,316.0,316.0,316.0,Lenovo,2.0595440370565576,16.0,1000.0,13.790331489803863,3.57577525634475,31987.43351882683
317,317.0,317.0,,,,,,16.245024092942156,,
318,318.0,318.0,318.0,,,32.0,256.0,12.220618850816548,,10454.862431857224
319,319.0,,319.0,,,,,,2.892084593925417,
320,320.0,,,HP,,,,12.713052680711067,2.487613962406124,31095.042487596136
321,321.0,321.0,321.0,,,4.0,256.0,,4.02686392879473,
322,322.0,322.0,322.0,,2.1640001064717653,,,,2.1142589017979576,
323,323.0,,,Dell,,8.0,256.0,,,9379.787385975013
324,324.0,324.0,324.0,,,32.0,,13.427411938424104,,10692.554536342968
325,325.0,325.0,325.0,Dell,,,,,,
326,326.0,,,,,32.0,256.0,,2.1258922203309027,10722.279304129946
327,,327.0,327.0,Acer,3.523790186812195,16.0,,13.458435418657634,3.0909360767583487,31974.33199154367
328,328.0,328.0,328.0,HP,,16.0,,,2.295782690725809,
329,329.0,,329.0,,,16.0,,11.093049983759553,,
330,330.0,330.0,330.0,,,8.0,1000.0,,2.7627836943345936,
331,331.0,331.0,331.0,HP,2.5211330326767465,16.0,1000.0,12.24773815573634,2.8864037738802777,32125.15816609158
332,332.0,332.0,332.0,Dell,2.431721292530785,8.0,256.0,11.25191257345753,3.589911023064262,9411.265535787075
333,333.0,,333.0,Acer,2.149384459400816,,,13.875560539487225,4.03517565650904,10428.784835638491
334,334.0,334.0,334.0,,,,1000.0,,,
335,335.0,335.0,335.0,,,16.0,512.0,15.458489237788282,,
336,336.0,336.0,336.0,,,4.0,256.0,,,8938.607532046088
337,337.0,,,Asus,2.050458004874528,,,,,
338,338.0,338.0,,,3.20814690914899,32.0,,,3.675056945192341,
339,339.0,339.0,339.0,,1.6903271487257503,4.0,512.0,,,
340,340.0,340.0,340.0,Dell,,4.0,512.0,14.080209261349491,3.114639533959623,
341,,,,,,32.0,256.0,16.9353065237465,,
342,342.0,342.0,342.0,Lenovo,2.70146644331662,4.0,512.0,12.389290615790292,3.5709902481638323,16972.93001014014
343,,,343.0,Asus,2.9810194616487937,,1000.0,,2.957370469461388,
344,344.0,344.0,344.0,HP,3.561702414812873,8.0,1000.0,11.25702533071468,3.409746116100786,31979.48506119157
345,345.0,345.0,,,,,,,,
346,346.0,346.0,346.0,Lenovo,,4.0,,11.420021072798397,2.602312924270036,17045.60392779002
347,,347.0,,,2.914329909989478,,,,,
348,,,,HP,,4.0,,,4.374229251520927,
349,,,,,,,,,4.747364718362381,
350,350.0,350.0,350.0,HP,3.49356505401732,8.0,512.0,13.2468823998081,3.0793822806358984,17077.866844915894
351,351.0,351.0,351.0,HP,3.1461295866460635,8.0,256.0,13.216891604188282,2.9209168466270548,9373.865607791506
352,352.0,352.0,352.0,Dell,3.6264543227356048,4.0,1000.0,11.271915673765369,2.5855914937156474,31553.45182463549
353,,353.0,,Asus,3.668235502399506,,512.0,13.09966963717784,4.035473505951744,17166.348856397115
354,354.0,354.0,354.0,HP,3.270907441787587,4.0,256.0,16.57573041357236,2.969299104999012,9281.467499262955
355,355.0,355.0,,Lenovo,3.59253332090918,16.0,,13.275359223082694,,
356,356.0,356.0,,,,4.0,1000.0,15.98820623733182,,31654.48791516093
357,,357.0,,Acer,3.200351929400751,,1000.0,16.053953028499606,3.182408140347885,
358,,358.0,,,3.0465284455379606,4.0,,13.239446938275403,,31840.45411465564
359,,,359.0,,3.381791598894103,16.0,512.0,14.791932082377134,,
360,360.0,360.0,,Asus,,8.0,,,,17278.83978351909
361,361.0,361.0,361.0,Asus,3.702176897997321,16.0,256.0,11.62207148440566,3.267968101366875,9990.735036238431
362,362.0,,362.0,,3.67960881936308,,1000.0,,4.986913500784425,
363,363.0,363.0,,Acer,,8.0,512.0,14.486090560250656,2.031480923419833,17113.947291297496
364,,364.0,,,,,,,,32221.27948039033
365,365.0,365.0,365.0,Acer,1.8221746686836129,4.0,1000.0,14.28819413998544,2.447422477819212,30846.987761411416
366,366.0,,366.0,,,,256.0,,4.357775828626741,
367,367.0,367.0,367.0,Lenovo,3.3587706407290194,32.0,256.0,13.10121794654438,3.853794679538894,10625.405372692512
368,368.0,,368.0,Asus,,4.0,256.0,,,
369,369.0,369.0,369.0,,,,256.0,15.551011285498344,4.621624866563055,
370,,370.0,370.0,,3.580335444894355,4.0,1000.0,,,31550.904299589107
371,371.0,371.0,371.0,Asus,2.7686693344020905,4.0,256.0,12.24345379861327,2.6800719562247712,9405.330098502527
372,372.0,372.0,,,,,,,,
373,,,,,,32.0,,13.319721035803006,,
374,374.0,374.0,374.0,Dell,3.0423172959393554,,256.0,14.97490368164965,,
375,375.0,,,Lenovo,,32.0,1000.0,,,33201.8544477546
376,376.0,,,,,,,13.344530913977822,2.3493767914451373,9433.443385229784
377,377.0,377.0,377.0,,2.1495089526603994,8.0,1000.0,,,31391.564515126847
378,378.0,378.0,,,,32.0,,,2.5678509377480285,18159.14275626669
379,379.0,379.0,379.0,,,,1000.0,,,
380,380.0,380.0,380.0,HP,3.44961348787786,16.0,,13.598978667890998,4.256386098630713,
381,381.0,381.0,381.0,Acer,1.767451597067396,16.0,256.0,15.64581609766757,4.716616513786703,9786.04722822343
382,382.0,382.0,382.0,Dell,3.40256975625507,8.0,512.0,16.115509729630055,4.506117590852738,17377.64164165918
383,383.0,383.0,383.0,Asus,,16.0,512.0,,,
384,384.0,384.0,384.0,,,,512.0,,,
385,,,,,,,,,,
386,,386.0,386.0,,,4.0,,,2.7934154500015724,31513.2969159367
387,387.0,387.0,387.0,,,32.0,,,,18700.661279036893
388,388.0,388.0,388.0,Dell,,8.0,,,,31131.52746799251
389,389.0,,389.0,HP,3.843071218091128,,,,,31629.792385278022
390,,390.0,,,,8.0,1000.0,,4.806134483921352,31560.65712430021
391,391.0,391.0,,Acer,,,,,,17123.885107886974
392,392.0,392.0,,,,,,,,
393,393.0,393.0,393.0,Dell,3.270430221613204,,,,,
394,394.0,394.0,394.0,Acer,1.6683765036719294,32.0,512.0,15.34606643797724,2.742199241175037,18117.85936553154
395,395.0,,395.0,,,,,15.474520274456756,4.598877307946544,
396,396.0,396.0,,,,,256.0,14.347564670904204,,9603.56820750981
397,397.0,397.0,,,,32.0,,,,32836.15779017243
398,398.0,398.0,398.0,Asus,1.6143550845312822,32.0,1000.0,11.801903488463108,2.042992717601004,32498.58220366735
399,399.0,399.0,,HP,,,,13.663155130527809,3.4350064450116675,17176.393504207954
400,400.0,,,,,,,,,18544.964478764847
401,401.0,401.0,,Acer,,4.0,,,,
402,402.0,402.0,,,,,1000.0,13.586521175739737,,
403,403.0,403.0,403.0,Acer,1.82521560032658,32.0,,,,
404,404.0,,,,,,512.0,,,
405,405.0,405.0,405.0,Acer,,8.0,512.0,14.820570302265963,4.511711654665454,16883.31863737996
406,406.0,,406.0,,,,,15.489396987991377,,16876.73664814452
407,407.0,407.0,,Asus,,,,12.350251257025231,,16753.07735808376
408,408.0,408.0,408.0,,,32.0,512.0,,3.8759898791126974,
409,,409.0,,,3.426018544519483,16.0,256.0,15.955506243896185,,
410,410.0,,,,,,,13.778688283025067,,31931.005252814022
411,411.0,411.0,411.0,HP,2.6147567659418707,16.0,1000.0,12.670745278241435,4.2268806145107884,31641.105860874708
412,412.0,412.0,,Acer,2.1840666657041647,32.0,512.0,,2.732484826148459,
413,413.0,,,Asus,3.992811250394278,8.0,1000.0,15.942604374794737,,
414,414.0,,414.0,,2.565453255589932,,1000.0,11.378841757564349,,
415,,,415.0,Acer,2.6284675608241885,,1000.0,,4.564417336397785,31803.034281971497
416,416.0,416.0,416.0,,1.909059552979173,,,15.929887597770628,,18466.37465706616
417,417.0,,,,,,512.0,,4.650694185110571,
418,418.0,418.0,,Acer,3.2342055644537213,,,,,
419,419.0,419.0,,,,,,,2.582488607138247,
420,420.0,420.0,420.0,HP,1.7059526140396066,8.0,512.0,15.641975389373997,3.4233046808622047,16518.079792351797
421,421.0,,,,3.2012482551867825,,,,,
422,422.0,422.0,422.0,HP,3.136278035702838,4.0,1000.0,11.903648619309644,2.077428178589545,31454.597976955472
423,423.0,423.0,423.0,HP,2.183148817495524,8.0,256.0,,3.659871918869,
424,424.0,,424.0,Lenovo,3.877158905626026,32.0,,13.78394078878655,,33503.93503731473
425,425.0,425.0,425.0,HP,1.8776447294522507,4.0,256.0,12.584026099756796,4.983745967105779,8570.01295046808
426,426.0,,,Dell,2.580837002606505,4.0,256.0,13.491445834004242,,9058.405539825571
427,427.0,,427.0,,,32.0,256.0,16.330784659537525,,10483.978626601363
428,428.0,428.0,428.0,,,32.0,512.0,15.945961351275615,2.34062192697886,18164.70384756868
429,429.0,429.0,429.0,Asus,3.0963148691602136,16.0,256.0,14.780239270879893,4.752629028961234,9674.42104073643
430,,430.0,430.0,HP,2.4939859949069856,32.0,256.0,,4.333433733375353,10259.568047457497
431,431.0,431.0,431.0,,2.185538005871675,,,,4.467017334370542,9469.108520618654
432,432.0,432.0,432.0,Asus,3.9599441198995695,8.0,1000.0,13.573909591045345,4.708291363893526,31967.51364293197
433,433.0,433.0,433.0,Lenovo,2.5233350157876075,16.0,256.0,12.206390912299671,3.5746999601775147,9852.218947732548
434,434.0,,,,,,1000.0,,,
435,435.0,435.0,,,2.074886514727716,4.0,,,,
436,436.0,,,,2.032761760062708,32.0,,,,10740.17439367292
437,,437.0,437.0,,,,,,3.362835190369468,
438,438.0,438.0,,,3.129167063439713,,1000.0,11.565964557746264,3.354696759816725,31685.19704607659
439,439.0,439.0,439.0,Dell,2.421315859309403,16.0,256.0,15.48802841822842,4.810783591193417,9602.42464377117
440,440.0,440.0,,,3.660895624599093,,1000.0,,,
441,441.0,441.0,441.0,,,,1000.0,,,
442,442.0,,442.0,,3.920483569786804,,512.0,,4.270274270740785,
443,443.0,443.0,443.0,Lenovo,,16.0,512.0,,,17330.027682309257
444,444.0,444.0,444.0,,3.671557919889027,,,16.41856236725923,2.498224557000541,
445,,445.0,,,,,512.0,,,18133.59750990507
446,446.0,,446.0,Lenovo,,,,,4.07217894533979,
447,447.0,447.0,447.0,,3.611958070292219,16.0,512.0,,4.186358666769728,17462.733791440864
448,448.0,448.0,448.0,Dell,3.4025599773574973,,512.0,,2.1409189732944194,18958.317291194384
449,449.0,449.0,,,,,,,,18008.279252012882
450,450.0,450.0,,Lenovo,,,256.0,14.426973791734166,2.2734219183340327,
451,451.0,451.0,451.0,,1.5813154487281298,32.0,1000.0,,2.8577016013136074,32818.0799277558
452,452.0,452.0,,,3.802119619539217,,,,,
453,453.0,453.0,453.0,Acer,3.041625786301845,4.0,512.0,16.76695649426099,2.5096177832134288,17148.4085711659
454,,,454.0,Asus,,,,,2.166247665326733,
455,455.0,455.0,455.0,,,,256.0,,,
456,456.0,456.0,456.0,,,32.0,1000.0,,,
457,457.0,457.0,457.0,Lenovo,,32.0,,,,
458,458.0,458.0,,,,,512.0,11.481333478734284,,
459,459.0,459.0,,,2.5757647372486567,,,,3.73885729168441,
460,,460.0,,,,,1000.0,,,31485.28470990025
461,,,461.0,,2.7289863668535923,,,,4.96561996113712,16752.815486783176
462,462.0,462.0,462.0,Acer,1.6605223426878353,8.0,512.0,16.499619809854465,2.124284266458164,16840.024514932513
463,463.0,,,,,4.0,512.0,15.236951012714323,4.903408212945455,16709.94541814983
464,464.0,464.0,464.0,HP,2.1724835110877443,8.0,512.0,12.853735940408916,3.6495925350931935,17007.624039015653
465,465.0,465.0,,,3.4938977515929706,4.0,1000.0,,4.889477081195199,
466,466.0,,,,2.2759048973089344,16.0,,14.069814307370462,,32156.279925438143
467,467.0,467.0,467.0,,2.638050372704503,16.0,256.0,,,
468,468.0,,468.0,Dell,1.5290513497702516,,,,2.508512275598176,
469,469.0,469.0,469.0,Asus,,,,,2.152924631067328,31332.93246684605
470,470.0,470.0,470.0,,2.481233891016712,,,,,
471,471.0,471.0,471.0,Acer,,4.0,,13.343561645490691,,
472,472.0,472.0,,,,16.0,,,,
473,473.0,,,,2.229156446773258,16.0,,,,
474,474.0,474.0,,,,,256.0,,,8957.611388888343
475,,475.0,,,,,,,,16837.251254164315
476,476.0,,476.0,,,,,11.830612959976364,,
477,477.0,477.0,477.0,Dell,1.5990470633708929,32.0,,,,
478,478.0,478.0,478.0,Acer,2.701267368144572,4.0,512.0,14.416906905033525,3.942373822236638,17441.789564768562
479,479.0,479.0,479.0,Acer,1.7623254460454372,4.0,256.0,16.210464727648294,4.531265131961881,9226.493226207614
480,,480.0,,,,,,,2.974768383219924,31523.85503748275
481,481.0,481.0,481.0,Asus,3.966656483167866,4.0,512.0,,4.061886687747553,16924.533002996257
482,482.0,482.0,482.0,HP,1.8562388572537831,8.0,256.0,14.711162352309112,4.884847421138497,9301.58370356369
483,483.0,,,Acer,,4.0,512.0,14.79843592099708,4.190730003073604,17162.58822760996
484,484.0,,484.0,,,,,,,
485,485.0,485.0,485.0,Lenovo,3.25616242636026,16.0,256.0,13.658356173982526,3.892152333475788,9842.035170669518
486,486.0,486.0,486.0,Dell,2.8991217087172854,8.0,256.0,13.964886023827296,4.2190486932893245,9425.202280608495
487,487.0,,487.0,,1.5244271185479592,,1000.0,,,
488,488.0,,488.0,Asus,2.31615327060998,,256.0,,2.0500274404695173,
489,,489.0,489.0,,2.794279108461778,,256.0,,,
490,490.0,,490.0,,1.7196662478620834,16.0,1000.0,14.024022581577956,,32176.09693732364
491,491.0,491.0,,,2.376567328022952,,1000.0,16.69520415908535,,
492,492.0,492.0,,,1.5830077719784164,,,15.996991411214454,,9109.54022824584
493,493.0,493.0,493.0,Dell,1.6964462428875515,,1000.0,13.174587935694976,3.116360645725096,32639.704344435744
494,494.0,494.0,494.0,Acer,2.49230819050399,4.0,512.0,16.181848527779696,3.5656529844738296,16974.393967168104
495,495.0,495.0,,Dell,1.8317893851076508,,512.0,11.660379705206692,,16587.514580972704
496,,,496.0,,,,,,,
497,497.0,,497.0,Dell,3.223662422843164,32.0,1000.0,,4.871590890557704,33137.46096329069
498,498.0,498.0,498.0,,,,,,4.670414160340743,9246.784871162248
499,499.0,,,Dell,,16.0,1000.0,,3.956825332697152,
500,500.0,500.0,,,1.9187064556476745,,256.0,,3.378933792157212,
501,501.0,501.0,501.0,Dell,,,,11.418803927687774,,17106.42782100887
502,502.0,502.0,,,3.0910756238590915,,,,3.855830867281817,
503,503.0,503.0,503.0,,,,,,,9365.556673166084
504,504.0,504.0,,,,4.0,256.0,,,
505,,,,,3.8405306156092247,,,,,
506,506.0,506.0,506.0,Asus,1.629928209128681,,1000.0,12.22499935500946,4.306760133713505,31505.462184452488
507,507.0,,,Asus,,,,,,
508,508.0,508.0,508.0,Acer,3.272651298627291,8.0,256.0,14.478356942583348,,
509,509.0,,,,3.677422809365214,8.0,256.0,,,9555.867038172206
510,,510.0,,,,,,,,
511,511.0,,511.0,,,,256.0,,3.30215652824287,
512,,,,,,,,,2.3827105237141124,
513,513.0,513.0,513.0,,3.5370627843662805,4.0,512.0,11.149797332720343,,17205.205679219198
514,514.0,514.0,514.0,Asus,1.700287115961688,8.0,1000.0,12.028605060263256,3.063131548958406,31593.98311026264
515,515.0,,515.0,Lenovo,,,,,,31622.75570204865
516,516.0,,516.0,,2.8689809403843407,,256.0,,,
517,,517.0,,,,4.0,,,4.102176563852791,
518,518.0,518.0,518.0,Acer,,,1000.0,16.46127820920654,,
519,,519.0,,Lenovo,3.108944237991312,8.0,,,4.815994439880116,9899.157798256469
520,,520.0,520.0,Asus,,8.0,,16.721210587109052,,9795.021054850456
521,521.0,521.0,521.0,,,,,16.289693839267986,2.7314058131305385,10900.502074698152
522,522.0,522.0,522.0,Asus,,32.0,,14.50699877318474,3.967709939295199,32857.12065525129
523,,523.0,,Lenovo,1.6508802099764095,,,16.002751705512964,2.5964421828122086,9788.823673511592
524,,524.0,,,,,1000.0,,,
525,,525.0,,,1.8988617002829709,,,,,9619.819786074037
526,526.0,526.0,526.0,Acer,3.679458916480504,8.0,512.0,15.44338833955706,2.207460703155504,17397.54904187063
527,527.0,527.0,527.0,Dell,2.0480349683951107,32.0,256.0,11.569450647604077,4.48249622490702,10350.814525506354
528,528.0,528.0,,Acer,3.939663139547828,32.0,,14.564496683418277,2.763621628764984,10638.50244334717
529,529.0,529.0,529.0,Acer,2.342239479427767,16.0,1000.0,15.215841235149371,3.419082510029062,31985.34781522652
530,530.0,530.0,530.0,HP,1.9552947892217485,32.0,,11.399165649265132,,
531,,531.0,,HP,3.4742462678561976,,,12.38476792355919,,
532,532.0,532.0,532.0,HP,3.14676943875219,32.0,512.0,16.4940333935699,2.9916830069188727,18033.226295151348
533,,533.0,533.0,Acer,2.745489291132848,,,14.69788695339738,4.23421018348763,9848.92119756115
534,534.0,534.0,534.0,Lenovo,2.8884088773440784,8.0,256.0,12.47771611286319,3.2372091814035984,9048.60910679841
535,535.0,535.0,535.0,Acer,3.29800444568066,16.0,512.0,15.14407862688804,2.587266819216874,17515.91518148312
536,536.0,,536.0,,2.071136853328247,32.0,,,,32871.26550348876
537,,537.0,537.0,Lenovo,3.990834790141855,16.0,256.0,,2.3915136789123195,
538,538.0,538.0,538.0,HP,3.936982905366958,16.0,1000.0,16.857121849928504,3.3216174796189843,32525.79468505247
539,539.0,539.0,539.0,,3.1258142158673423,4.0,1000.0,15.100722664445051,,
540,540.0,540.0,540.0,Dell,,,512.0,13.252646658007476,,
541,541.0,541.0,,HP,,,512.0,15.800440592461207,2.18278616516216,18590.4167423866
542,542.0,,542.0,HP,,16.0,1000.0,,,31702.148404315936
543,543.0,543.0,543.0,Asus,1.5766312555145152,4.0,256.0,11.751323357100988,2.548253497962308,9123.785347356164
544,544.0,544.0,,Dell,2.1442072212780343,32.0,1000.0,,,
545,545.0,545.0,,Acer,2.656557391848291,,,,,
546,546.0,,546.0,Acer,3.670681263520952,,,,,
547,,547.0,547.0,,,,512.0,14.6182373303197,,
548,548.0,548.0,548.0,Dell,3.3567663029999526,8.0,256.0,14.71394938819153,2.2739264076340104,9264.36247945563
549,549.0,,,,,,,,,
550,,550.0,550.0,,,8.0,,,,
551,551.0,551.0,551.0,HP,2.4275969074615067,16.0,512.0,,2.3857894578816574,17545.41450124221
552,552.0,552.0,552.0,HP,3.9691239093401447,32.0,256.0,13.085042494551086,3.72155179392508,11011.79350442628
553,553.0,,553.0,Acer,,,256.0,,,
554,554.0,554.0,554.0,Acer,3.6675787403061215,4.0,512.0,13.375769532485627,2.0927926441806983,17033.495029854475
555,,,,,,16.0,,,4.143242304411493,
556,556.0,556.0,556.0,Lenovo,2.596538547973976,8.0,,,3.0849412845231337,17055.855772547548
557,557.0,,557.0,,3.313144151037841,32.0,512.0,,2.37612604770162,
558,558.0,558.0,558.0,,,32.0,256.0,,2.760838312579125,
559,559.0,559.0,559.0,,3.6835580952041513,8.0,,15.736456531481512,,9524.516541157198
560,560.0,,560.0,Dell,3.7517546600281455,,,,,
561,561.0,561.0,561.0,Dell,,,,,3.483563375361224,8969.499667250127
562,562.0,,,Acer,,,,,,8931.64158994445
563,563.0,,,,,,512.0,,3.764280912816341,
564,564.0,564.0,,,3.780908364041728,,,,,
565,,,,,,,,,,
566,566.0,566.0,,,3.057416458908707,,512.0,,,
567,567.0,567.0,567.0,Acer,3.0789005502313014,4.0,1000.0,14.179287566531157,3.834939258169977,31558.706209149856
568,568.0,,568.0,Asus,,,,16.911822993723714,,17501.262720510942
569,,569.0,,,,8.0,,11.996130941857164,,
570,570.0,,570.0,HP,3.289562411705221,4.0,512.0,11.686589111674152,2.982262876200344,16757.87521145047
571,571.0,,,,3.7725813016641023,32.0,512.0,,,
572,572.0,572.0,572.0,,,8.0,,,2.54351555255006,9217.451938184204
573,573.0,573.0,573.0,,,,,12.243637874406003,,
574,,574.0,,Acer,,,,,,33354.90259562436
575,575.0,575.0,575.0,Acer,1.9524423817737244,,1000.0,12.318240742348404,3.3079855417117576,32611.790570357465
576,576.0,576.0,576.0,,3.635962733423948,,256.0,11.123124888375951,,
577,,577.0,,,2.730694641120087,8.0,,,,
578,578.0,,,,,32.0,256.0,13.1935742060238,2.2021306145657773,10413.731014080557
579,579.0,579.0,579.0,,,16.0,,,4.494622359012997,
580,580.0,,580.0,,,8.0,,12.81487417500756,2.5319796596718183,
581,581.0,581.0,581.0,,2.787043384824225,16.0,,16.852239662878524,,17442.27647012818
582,582.0,582.0,582.0,Dell,2.398083423499414,32.0,256.0,12.020692503855688,4.3180129643845,10554.60906823848
583,583.0,583.0,583.0,Dell,2.982377128587318,16.0,1000.0,16.389428383719412,4.144698602273941,31929.6744769352
584,584.0,584.0,584.0,Lenovo,1.9088096814625568,4.0,256.0,15.660819992839327,3.7369329396624353,9087.071602980595
585,585.0,585.0,585.0,Acer,2.4777038416294017,16.0,512.0,11.45887973299588,2.0438269913266485,17064.361782900898
586,586.0,,,,3.923530805838219,8.0,512.0,16.920374609005094,3.081126477089512,
587,587.0,587.0,,Dell,,,,,,9740.413388748191
588,588.0,588.0,588.0,Asus,3.1418416613532303,16.0,256.0,11.591497562134474,3.1623538877676163,9274.525545150296
589,589.0,589.0,,Dell,2.312975160561737,4.0,512.0,15.975885404754557,,17156.710715175002
590,590.0,590.0,590.0,Dell,3.433682814216501,16.0,512.0,15.2400532020662,2.9264068260488463,17789.172102765056
591,591.0,591.0,591.0,Dell,1.8271841517958745,16.0,512.0,14.703312835267404,2.880604377375981,
592,592.0,,592.0,,3.924552612696362,32.0,256.0,11.9358851821936,2.797993079277974,
593,593.0,,,HP,,,,13.87097669753577,2.998342606882386,18769.15165707092
594,594.0,594.0,594.0,Asus,2.09012615836616,8.0,,15.683336161323282,3.6722148929425615,
595,595.0,,,Acer,,,1000.0,12.82174362886304,4.121045882817772,
596,596.0,596.0,596.0,Acer,1.924394762718852,32.0,256.0,12.870138971090247,3.9877037532163553,10719.665409273986
597,597.0,597.0,597.0,,2.7994348713900443,32.0,,11.018845436288732,4.423153459944439,
598,598.0,598.0,598.0,Acer,2.342507941078216,32.0,1000.0,12.045460409872277,,32795.04127811074
599,599.0,599.0,599.0,Acer,3.572208414706524,4.0,512.0,16.252433750731008,4.448237127030054,17298.46593347018
600,600.0,,600.0,,,,,,2.0568362101230635,
601,601.0,601.0,,Asus,,,512.0,,4.207753860655966,
602,602.0,602.0,602.0,Acer,3.0428624665100754,4.0,256.0,13.374247781442756,2.625198720854995,8975.326466281276
603,603.0,603.0,603.0,,,,,,2.398784128123948,
604,604.0,,604.0,Lenovo,1.9176047697523744,,256.0,12.691514257428375,,9526.042606303856
605,605.0,605.0,605.0,,,,512.0,13.1828578468456,,
606,606.0,606.0,,,1.5916785673338574,,,,,16969.92215343469
607,607.0,,607.0,,3.341005037664101,,512.0,,2.412889203195084,
608,,608.0,608.0,,,,,,,10307.602054620887
609,,,,,,,1000.0,,,
610,610.0,610.0,610.0,Dell,3.610426122422993,,1000.0,,2.0738539515237155,
611,611.0,611.0,,,3.514175382375133,8.0,,,2.6283673085285333,
612,,,,,,,,,,
613,613.0,613.0,613.0,Lenovo,3.670678201283146,32.0,1000.0,11.758138887887064,3.0697139778524574,32968.61211133288
614,614.0,614.0,,Dell,,,512.0,,4.735177630738328,18036.244976572903
615,,,,,,,,15.590961972900596,,
616,616.0,616.0,,,,32.0,512.0,,3.536644123031155,18293.33190003984
617,617.0,617.0,617.0,HP,1.6427171402232872,8.0,1000.0,11.094939031980925,4.0414383875731215,31331.87614219564
618,618.0,618.0,618.0,Asus,2.82792382000258,16.0,1000.0,14.136560849371218,4.795093921043506,32057.59755714992
619,619.0,619.0,,,,,,,,18728.750414928563
620,620.0,620.0,620.0,Acer,1.598358851671274,16.0,256.0,14.936330131854223,4.411265708035288,9252.224764996936
621,621.0,621.0,621.0,,1.805274785025067,4.0,512.0,,2.251174813536045,
622,622.0,,,,,,,,,
623,623.0,,,,,16.0,,,,
624,624.0,,624.0,,2.290390262441876,,,11.702070349147675,,
625,625.0,,,,,,256.0,,2.454113513789825,9642.707126680169
626,626.0,626.0,626.0,Asus,1.6039321476259802,32.0,,11.739395454297949,,10438.451567581356
627,627.0,,627.0,HP,1.8708580024052224,8.0,,,,8960.49719990869
628,628.0,628.0,,Asus,,4.0,1000.0,13.49687220584364,2.1633981421005126,31954.085256659306
629,629.0,629.0,629.0,,3.912796741090114,32.0,512.0,14.083104407459588,2.5473741219574704,18484.08666372973
630,630.0,630.0,630.0,Acer,1.512349952336024,4.0,,,4.8956289156372055,
631,631.0,631.0,,Dell,3.8795294635580975,16.0,256.0,16.339302358840918,3.2845518196015187,
632,632.0,632.0,,Asus,3.097799844538751,32.0,512.0,15.907137833930175,,18564.873708531173
633,633.0,633.0,633.0,Lenovo,,,,,,
634,634.0,634.0,,Dell,2.636849639084648,4.0,256.0,15.417438860803,3.1008842210216017,8951.260150923878
635,635.0,,,Dell,,32.0,256.0,14.077382333112856,2.441681223231551,
636,636.0,,,Dell,2.722116450642301,,1000.0,16.217636494848666,2.6197430486653426,32761.71742683985
637,,637.0,637.0,,,32.0,,,,32953.47077163469
638,638.0,,,,1.849128136890782,16.0,,,,32130.932571244823
639,639.0,639.0,,,,,,,,
640,640.0,,640.0,,,,,,,
641,641.0,641.0,641.0,,,,,,3.570221555202416,
642,642.0,642.0,642.0,Acer,,,1000.0,,,
643,643.0,643.0,643.0,,,8.0,256.0,16.128220700559183,4.436232833026037,9468.282674289843
644,644.0,,,,,,,,4.475634113778893,9684.282946767202
645,645.0,,,,1.734751789473546,,,16.125564733984014,4.385174052818393,
646,646.0,646.0,646.0,,,,1000.0,13.944590040274162,,33000.20423707547
647,647.0,,,,,,,,,
648,648.0,648.0,648.0,,,32.0,256.0,16.419144673006574,,10521.560806348574
649,649.0,649.0,,HP,,16.0,256.0,14.623105895241668,3.9731484418278606,
650,650.0,650.0,650.0,HP,3.231564880565412,8.0,256.0,14.459684042778306,3.924705700054983,9346.199597968807
651,651.0,651.0,651.0,HP,,16.0,512.0,14.352595667746384,,
652,652.0,652.0,,Lenovo,,,,13.227017096117187,4.363910400772795,18371.271509808023
653,653.0,,653.0,,,,256.0,,4.709744315285391,
654,654.0,,,Acer,2.7429369100210685,16.0,,,2.802245835416323,
655,655.0,655.0,,,,4.0,1000.0,,,
656,656.0,656.0,,Dell,,,,,,
657,657.0,657.0,657.0,,,,512.0,13.02488195404939,3.799903574783198,16893.740258565627
658,658.0,658.0,658.0,,1.5759676492420922,,,,,
659,659.0,,659.0,,,,,,,
660,660.0,660.0,660.0,,3.223816877578903,,256.0,13.025895811995408,4.778615605653036,
661,,661.0,,HP,,,512.0,,,
662,662.0,662.0,,,,,1000.0,,4.355250971719271,
663,,663.0,663.0,,,,,,,
664,664.0,664.0,,Lenovo,2.484661014135396,,,,,
665,665.0,,665.0,,,,256.0,,2.2925230773916256,9459.669088422834
666,,666.0,666.0,Acer,,,256.0,14.533598449673384,4.559987649676364,
667,667.0,667.0,667.0,Dell,,16.0,,,2.984480217060823,32216.957792421388
668,,668.0,668.0,,3.9985343144266654,16.0,512.0,14.74086698311578,2.1613169349859502,
669,669.0,669.0,,,,,,,4.008070952722245,
670,670.0,670.0,670.0,Lenovo,3.942935460553293,16.0,512.0,11.32108677747826,2.6938397849478664,17430.73803160496
671,671.0,,,,,,,13.25918172673579,,
672,672.0,,672.0,,3.676883625843148,,512.0,,,
673,673.0,673.0,673.0,Asus,3.455963710145684,,,,2.19105430250755,
674,,,674.0,,2.9175406524666694,,,,2.5313814325947623,
675,675.0,675.0,,,,,,,2.015418882756681,
676,676.0,676.0,,,3.69628890325337,,256.0,,,
677,677.0,,677.0,Lenovo,2.510350804127582,32.0,1000.0,,2.252766132253914,33009.991820949304
678,678.0,678.0,678.0,Acer,2.3175829039080966,8.0,1000.0,16.691017659309168,4.047957815132597,31832.48694288418
679,679.0,679.0,679.0,Acer,3.168983463908962,8.0,256.0,16.66799439302657,2.706868553574945,9470.813523423903
680,680.0,680.0,680.0,,,,256.0,14.65964935157631,4.830722432105532,
681,681.0,,,,,,,,,
682,682.0,682.0,682.0,HP,3.494534122146586,,,15.71487587281024,2.8683226849046246,31751.626360161416
683,683.0,,,,2.5889582870323324,16.0,,14.539687296810852,,32023.99593577724
684,,,684.0,,,,,,,
685,685.0,685.0,,Dell,,32.0,,15.635097716476425,4.959689342343231,10195.392260005525
686,686.0,,686.0,Acer,,4.0,256.0,,3.793519960537055,9232.829064224456
687,,687.0,,,1.514396651245304,4.0,,14.691521919694484,2.2458972039309866,
688,688.0,,,,,32.0,,,3.940511686779143,
689,689.0,689.0,689.0,Lenovo,,,,14.077532988648594,,
690,690.0,690.0,690.0,,2.4904317290231384,,,15.224499627928036,,
691,,691.0,691.0,,,8.0,,,,
692,692.0,,,Asus,,,1000.0,13.254830095076516,,32192.593101112045
693,693.0,693.0,693.0,Dell,2.6217340565563267,32.0,256.0,15.248731009403752,4.878416548866236,10617.701964091477
694,694.0,694.0,694.0,Dell,,,,13.854126908065751,2.6531375389344545,18317.25807781471
695,695.0,695.0,,,,,512.0,15.04639791088389,,17073.491965768277
696,696.0,696.0,,Asus,2.0681740681578784,16.0,,,,17425.207791952944
697,697.0,,697.0,HP,1.682989809421109,8.0,,,,9125.494379894904
698,698.0,,,,,,,,,
699,699.0,699.0,699.0,,,,,,,11019.56817405083
700,,700.0,,Lenovo,3.0487258650240365,,,15.0201952268454,3.2053794053282734,10374.526469146394
701,701.0,701.0,701.0,Lenovo,,,1000.0,13.80998111560288,,
702,,702.0,702.0,,,4.0,512.0,15.641316451189322,2.9236223758231024,
703,703.0,,703.0,,,,256.0,11.74040489123358,3.431600238253884,
704,704.0,704.0,704.0,Dell,2.797704462840545,8.0,512.0,14.757934109937173,4.379189085111968,
705,705.0,705.0,,,,8.0,512.0,12.670824373565312,4.943724792366386,
706,706.0,,,Acer,1.5641051645160893,16.0,1000.0,16.11789197198355,4.797466770769406,31727.413250211663
707,707.0,707.0,707.0,Lenovo,2.3531195690653908,32.0,512.0,16.570301033817845,4.801597828538746,17817.927110290842
708,,708.0,708.0,,,,,16.978389762074332,3.2066712045413373,
709,,709.0,,,,,,,,9217.345503076524
710,710.0,,710.0,,2.950430923068331,,,15.522404422568028,4.1169061891069445,
711,711.0,711.0,,Acer,,32.0,256.0,12.293004553205307,,10668.03049422374
712,712.0,712.0,712.0,HP,3.019762731983612,4.0,512.0,,2.425982778056254,16908.293955737794
713,713.0,713.0,,,,,,,,
714,714.0,,714.0,Lenovo,,,512.0,15.6402862866935,2.417740533782329,
715,715.0,715.0,715.0,Asus,3.295307690566236,8.0,512.0,16.48979519046781,3.836025589878366,17159.322422840665
716,716.0,716.0,716.0,HP,3.888809239887337,,,12.134834600137909,,17265.177331852225
717,717.0,717.0,717.0,HP,,4.0,512.0,16.53420490802062,2.9783235575377205,
718,718.0,718.0,718.0,,1.9894449642088647,4.0,,,2.212747878463938,16526.28524127009
719,719.0,,719.0,,,,,14.664624384110232,,17192.85166958739
720,720.0,720.0,720.0,Lenovo,3.1186867853865072,32.0,512.0,,4.587489522204756,18423.12109446953
721,721.0,721.0,721.0,Lenovo,3.745076372374968,8.0,512.0,11.333150196854904,2.699218435672505,17128.6579256982
722,722.0,722.0,722.0,HP,2.1087057414407484,4.0,512.0,,,17045.209680244476
723,723.0,723.0,,,,,,,,10138.50213465183
724,724.0,,,Dell,1.650668475723902,16.0,,,,31685.744847782345
725,725.0,,,Dell,,,,14.338737234952738,,
726,726.0,,,,,,,,,31508.34110630341
727,727.0,,727.0,HP,1.7535520711230412,,,16.01039567273012,3.747885938121097,
728,,,728.0,Lenovo,,,,16.564131083517783,,
729,,729.0,,,,,,,,9877.701371611463
730,730.0,730.0,730.0,Acer,2.212182254904807,32.0,,12.908297435305512,2.6645518163393174,10603.04588948062
731,,,,,,,,,2.168486029709939,
732,732.0,732.0,732.0,,3.5075647445816585,,256.0,13.586674430582027,,
733,,,733.0,HP,,,,,,
734,,734.0,734.0,,,4.0,1000.0,,2.51478910119557,
735,735.0,735.0,,,3.025834458277296,,256.0,,,
736,736.0,736.0,736.0,Dell,3.290376685557984,16.0,512.0,12.755098552857511,3.387780641315459,17524.667582559297
737,737.0,737.0,737.0,,2.1815600018338346,,,,2.099803913508075,31727.51669713056
738,738.0,,,,,,,,,
739,739.0,739.0,,,1.8047152333423688,16.0,512.0,,3.2475840182238427,17030.91419141605
740,740.0,,,,1.9528733738367008,16.0,256.0,14.822568204946656,,
741,741.0,741.0,741.0,Acer,3.2027946349124568,4.0,1000.0,14.583754522120817,3.190265169366588,31471.246464932334
742,742.0,742.0,,HP,,,1000.0,14.920300990872084,3.422018797845335,
743,743.0,743.0,743.0,Acer,2.8129084591676503,4.0,,12.153859376201764,3.353799842219343,16815.944966357143
744,744.0,744.0,,Lenovo,,,,,4.607524572209262,18247.31759738773
745,745.0,745.0,745.0,,1.7671923077368596,8.0,256.0,14.717695561669531,,9384.527047699774
746,746.0,,746.0,Lenovo,,8.0,1000.0,,,32024.43102535619
747,747.0,,747.0,,,,256.0,,3.2321277361749985,9829.301900203083
748,748.0,748.0,,,,,,,,
749,749.0,749.0,,,,,,16.47758602864814,4.685169811999499,
750,,,,,,,,,4.559727407591353,
751,751.0,,,,2.8755663553906543,16.0,,,4.020639734394173,
752,752.0,752.0,752.0,Dell,1.6085313321370478,16.0,1000.0,15.068682985725252,2.4120852379060227,31723.780730333
753,753.0,753.0,,,3.082878438985056,,,,2.830609908476037,
754,,754.0,754.0,Lenovo,3.8785083555166415,4.0,,,2.1381891910459325,16986.151280130784
755,755.0,755.0,755.0,Lenovo,3.004029550365828,32.0,512.0,13.613868742739058,4.792472224970343,18286.888598140027
756,756.0,756.0,756.0,Acer,3.547972148566976,32.0,512.0,15.766884907121035,3.982395589072731,18168.94249970969
757,,757.0,,HP,,4.0,512.0,12.668774932919677,,16921.031373659833
758,758.0,,758.0,,,,1000.0,,,32752.14531270553
759,759.0,759.0,759.0,HP,2.030112099770567,16.0,256.0,12.878979210978663,4.536960566832027,9600.27269279034
760,760.0,760.0,,,,,1000.0,,,
761,,761.0,761.0,Lenovo,,32.0,256.0,,,10573.858560372246
762,762.0,,762.0,Acer,,,,,3.129244887562082,17606.220337611598
763,763.0,763.0,,,,,256.0,,,
764,764.0,764.0,764.0,HP,2.383553448256796,32.0,1000.0,16.909074463802565,3.4361145738965675,32720.53241424944
765,765.0,765.0,765.0,Asus,2.092176397436205,8.0,1000.0,16.633978532515865,4.586228427729791,31551.206902054804
766,,766.0,766.0,,,,,,2.316215857868501,
767,767.0,767.0,767.0,Acer,2.18701508887034,16.0,512.0,12.190946447632095,3.661470321901177,17517.692129962947
768,768.0,,,,3.556535796284196,8.0,512.0,,,
769,769.0,,,Dell,,16.0,1000.0,,2.844178946516489,32245.014750269227
770,770.0,770.0,,,,,,,,9936.623236873858
771,771.0,771.0,,Dell,,,,,4.258545967646619,16440.8037442774
772,772.0,772.0,,,3.059648311691433,16.0,512.0,,4.198577561995493,17541.13623887115
773,773.0,773.0,,,,4.0,,,4.628577434808668,
774,774.0,774.0,774.0,,,4.0,512.0,16.479396082528737,4.168353801864564,16925.69245689916
775,,775.0,,,,,,,,
776,776.0,776.0,,HP,,8.0,,11.03015931565882,4.116688134949073,
777,777.0,777.0,,Acer,3.6569926938580712,,1000.0,11.360578462269022,2.9231084401695315,
778,778.0,778.0,,,,,,,,
779,,779.0,,Dell,1.7392863888004042,,,14.885098789060178,,
780,780.0,780.0,780.0,HP,1.559096465115841,32.0,512.0,12.63824371596684,4.23208574104303,17766.404122596145
781,781.0,781.0,781.0,Dell,3.104928751108165,4.0,512.0,12.063155006067149,,17138.512921401118
782,,782.0,,,,16.0,256.0,12.765600419822686,2.7034984330222813,
783,783.0,783.0,,,,4.0,512.0,11.68878156350768,,16715.111346051184
784,784.0,784.0,784.0,,,16.0,,,,
785,785.0,785.0,785.0,Dell,2.4772649897637864,32.0,256.0,15.705237046191602,2.3240868724747377,10270.601136617244
786,786.0,786.0,,,,4.0,,13.774347061475243,,
787,787.0,787.0,787.0,Asus,2.741917147147924,16.0,256.0,16.189775630691212,4.250782382261947,10026.49773571635
788,788.0,788.0,788.0,,,8.0,,12.496749225759396,2.8235200205212347,17321.502772469725
789,789.0,,789.0,,1.8410993813918328,,1000.0,,3.8739919228511503,31925.9939313696
790,790.0,790.0,790.0,,,4.0,1000.0,16.13679499408246,2.243492673391144,31694.40469113412
791,791.0,791.0,,Acer,,,256.0,13.140612269739636,,
792,792.0,,792.0,,2.570499037314037,16.0,,,4.217274265978859,17616.64185550617
793,,793.0,,HP,,,,,4.059541829129758,
794,794.0,,794.0,,,,,,,
795,,795.0,795.0,,,16.0,,,,
796,796.0,796.0,796.0,,,,,13.640348279056392,4.3195505037762745,17425.02777611643
797,797.0,,,,,,,,,
798,798.0,,,Lenovo,3.3108470428218526,32.0,1000.0,16.64132483342771,,32911.46842429856
799,799.0,,,,,,,14.622781951574575,,
800,800.0,800.0,800.0,Lenovo,,8.0,,,,
801,801.0,801.0,801.0,Lenovo,,8.0,,,4.424203451348068,
802,802.0,,802.0,Asus,1.7141456239910764,,,12.040058317851685,2.962173573379873,
803,,803.0,803.0,,,,,,3.687288122353763,9259.826095812132
804,804.0,,,,,,,,,
805,,805.0,,,,,,,,9323.03963602629
806,,806.0,806.0,Lenovo,,,512.0,,4.659507579925707,17459.095727992164
807,807.0,807.0,807.0,Lenovo,2.3874907645798435,16.0,1000.0,11.82253674847254,3.195927482639192,31720.062940320862
808,808.0,808.0,808.0,Dell,1.6735596068652334,8.0,1000.0,15.403298784815249,4.588767180532967,31543.333126455003
809,809.0,809.0,809.0,Acer,2.797649477270676,16.0,512.0,14.793428905207165,2.801225022368997,17352.269345851655
810,810.0,810.0,810.0,,,8.0,,14.5016302220486,3.603982769226572,31582.725749347646
811,811.0,811.0,811.0,,,16.0,256.0,,,10194.662373108871
812,812.0,,812.0,,,,,13.130789886522876,2.977644027847372,10487.59944027047
813,,,813.0,,2.8500297865112767,,,11.271495134113326,4.862126795234257,8946.643610745541
814,,,,,3.7001977189036457,,,,,31787.82542207305
815,815.0,,,Asus,,,256.0,,,
816,816.0,816.0,,Dell,2.8323944663783385,,,14.488502633492123,4.712406057734572,
817,817.0,,817.0,Dell,,8.0,256.0,,2.2059459984436165,9303.60339705879
818,818.0,,818.0,Acer,,,,,4.975667587842475,
819,819.0,,819.0,,,8.0,,,4.854190585937318,31923.10697935266
820,,820.0,820.0,Dell,3.985348403052919,16.0,,15.198139454352251,2.411062730108962,
821,821.0,,,,3.1545979746234467,8.0,,,,9460.145105117126
822,822.0,,,,,,1000.0,,,
823,,823.0,823.0,,,4.0,1000.0,,,31641.11273860403
824,824.0,,824.0,Dell,,,,11.496404237742023,,
825,825.0,825.0,825.0,Acer,1.650355856501963,,,12.523626631542175,2.6717737633897687,
826,826.0,,,,,16.0,,15.679929961463266,,
827,827.0,827.0,,,3.8940632112634495,,,,,17695.147508140286
828,828.0,,,,,8.0,,,,
829,,829.0,,Dell,,,256.0,,,
830,830.0,,,,,,256.0,,4.212229832935838,9111.31193516215
831,831.0,831.0,,Lenovo,,,1000.0,14.51047065323722,,
832,832.0,,,HP,,32.0,512.0,12.357651504899598,,17748.770425967152
833,833.0,833.0,833.0,,,,256.0,,,8836.578529356853
834,,834.0,,Acer,3.390408322238115,,,15.70100048507154,4.126697338319948,
835,,835.0,835.0,,,8.0,256.0,,,
836,,836.0,836.0,,,16.0,,14.701664164307012,2.943886726805596,
837,837.0,837.0,837.0,HP,,,,,,
838,838.0,838.0,838.0,,,,256.0,,4.532944592457147,
839,839.0,,,,,,1000.0,16.238653056585367,,
840,840.0,,840.0,Acer,,16.0,512.0,15.736953790544314,4.153798072820305,
841,841.0,841.0,841.0,,,4.0,,,,
842,842.0,842.0,842.0,,,32.0,,14.367534068449544,,
843,843.0,,843.0,,3.8175024198107375,16.0,256.0,12.4774649658236,2.0622740963718926,
844,,844.0,844.0,Acer,2.849892825701399,,,,4.282657933014529,10273.94804271075
845,845.0,845.0,845.0,Acer,3.605083235941053,32.0,256.0,15.761423927232808,2.128218818185854,10966.959225605731
846,846.0,846.0,,Asus,2.802394943180105,,512.0,,,
847,847.0,847.0,847.0,,,32.0,,15.69230461558255,2.355981843423616,10903.73248244458
848,848.0,,848.0,,,,,12.4404244429254,2.515629536407773,9034.603152020143
849,849.0,849.0,849.0,Lenovo,,4.0,,,3.429579412496712,
850,,,,,1.8192837090880871,4.0,512.0,,,16631.665778958082
851,851.0,851.0,,,3.565169075631321,,,,,10560.36350044493
852,852.0,,,Asus,,,,14.141518911328715,3.320213225199496,
853,853.0,853.0,853.0,,,4.0,,,,
854,854.0,854.0,854.0,Asus,1.5904009513119053,,256.0,16.93659059467779,,
855,855.0,855.0,,Asus,,4.0,1000.0,14.446620535233237,2.346675130041896,31460.13124201373
856,856.0,856.0,856.0,,,32.0,1000.0,,,
857,857.0,857.0,,,,4.0,,15.132575244868192,3.507396949288297,
858,858.0,858.0,858.0,,1.7191068669095964,32.0,,16.38646139905835,2.043143707952459,
859,859.0,859.0,859.0,Lenovo,3.842394557577657,32.0,512.0,15.471076972217686,4.408943903927312,18743.569392030524
860,860.0,860.0,,,2.8845056017809405,,,,,
861,861.0,861.0,861.0,HP,2.263810776645059,8.0,1000.0,16.375305087155958,3.817778586242742,31579.969088229787
862,862.0,862.0,862.0,Lenovo,,,256.0,15.763576315159789,,
863,863.0,863.0,,,2.618006351262089,,,11.949823400633688,,
864,864.0,864.0,864.0,,3.001485833401543,,,,4.857550369053795,
865,865.0,865.0,865.0,Acer,2.789198569241244,4.0,,14.343863451885852,4.263610747707382,31299.096337077222
866,,,866.0,,,,,,,
867,,,867.0,,2.7424087072645755,,512.0,16.00754571557163,3.7766641979943216,17224.935754364804
868,868.0,868.0,,HP,,8.0,256.0,,,
869,869.0,869.0,869.0,Asus,,4.0,,16.47735466841945,,9310.97376700503
870,870.0,,870.0,,2.0212762858933395,32.0,,,,17879.225669647967
871,871.0,871.0,,,,,,,,
872,872.0,872.0,872.0,,1.79091599471369,,,11.8375932041588,,17848.648929480383
873,873.0,,873.0,Asus,3.543624271227979,32.0,1000.0,14.458834625346524,3.2336122016355624,32948.390259346575
874,874.0,874.0,874.0,Dell,2.45155823369145,32.0,512.0,15.571301671174664,3.990087602044044,17863.49092017457
875,,875.0,875.0,Asus,,,,,,9605.248956027845
876,,,,,,,,12.654544426647687,,
877,877.0,,,,,,,12.225480553473004,,
878,878.0,,878.0,,,8.0,1000.0,11.100537826954294,,
879,879.0,879.0,879.0,Lenovo,,8.0,,15.075194907207017,,
880,,880.0,,,,4.0,,,,
881,881.0,,881.0,Acer,2.5074504469129035,32.0,,13.524567210595556,2.629692888758692,
882,,,,,,16.0,,,,
883,883.0,,,,,16.0,1000.0,,,32242.39494101568
884,884.0,884.0,884.0,,,,,,,17379.97583682769
885,885.0,885.0,,,3.939025502149787,,,,,33254.52420078501
886,886.0,886.0,886.0,HP,3.10243019336333,4.0,1000.0,14.92496092571659,4.558779151563744,31838.33720666597
887,887.0,887.0,887.0,Acer,,8.0,,14.71543419232149,,9530.952687533918
888,888.0,888.0,888.0,HP,1.831311681854621,4.0,256.0,12.992658699848748,4.117868709740021,8771.368296242576
889,889.0,889.0,889.0,Asus,3.655036205681556,32.0,1000.0,16.56861101305872,3.5110658279847167,33239.412259576195
890,,890.0,,,,,,,,31881.83967839809
891,,891.0,,,,32.0,1000.0,,,33108.08855567776
892,892.0,892.0,892.0,HP,3.0156323443774435,16.0,1000.0,12.43485527260714,3.860724062806737,31992.823010825137
893,893.0,,893.0,,3.4120245022574887,16.0,,14.073802081322484,3.433226379198608,9737.946500559405
894,894.0,894.0,,Dell,1.937096568151032,,512.0,15.64143261038432,,
895,,,,Acer,,,,,4.303909934185494,
896,,,,,2.496657569430783,,,15.16001092240824,,16930.188997563248
897,897.0,,897.0,,1.865934980405623,,,,,
898,898.0,898.0,898.0,,2.4188360557288284,16.0,,12.388880575477929,,
899,899.0,,,,,,,,,
900,900.0,900.0,900.0,Lenovo,1.5645297673737175,4.0,256.0,16.641099147512495,4.237152998614362,8807.45631198526
901,901.0,901.0,,Dell,,32.0,,11.280715069830611,4.477822757335755,32879.801956539945
902,,,,,3.907787778972936,,,,,
903,903.0,903.0,903.0,Asus,2.8738238397375424,4.0,1000.0,13.629060299998132,4.772218966537049,31672.55122106269
904,,,904.0,Asus,,,256.0,16.395562153548138,4.460972264441603,
905,,,905.0,HP,,32.0,256.0,,3.6855913694285554,
906,,,906.0,,,4.0,1000.0,13.664691478977993,4.0142182179312105,31431.96659934872
907,907.0,907.0,907.0,Lenovo,,,,15.500170472853148,4.778924830763588,
908,,908.0,,,2.598779221582276,4.0,256.0,,,9101.456489806602
909,909.0,909.0,909.0,,,,512.0,14.22669760844826,,16619.368307116365
910,,910.0,,,3.1020657867255155,,,,4.066431510769961,
911,911.0,911.0,,Lenovo,,,,12.301737475183277,,
912,912.0,912.0,,,,32.0,,12.728032075544249,2.7255145862460592,10674.025311431891
913,913.0,913.0,913.0,,3.125502730995384,16.0,256.0,,3.2779925584052845,
914,914.0,914.0,,,1.8800621328216205,,512.0,,,16495.310389802176
915,915.0,915.0,915.0,Acer,,8.0,,16.443493666138437,,
916,916.0,916.0,916.0,Lenovo,3.4519039651711,32.0,256.0,11.937702257298657,3.6931861410169686,11021.313118799026
917,917.0,917.0,917.0,,,32.0,,12.32053206122832,4.798869876584682,10692.58576411101
918,918.0,918.0,918.0,Acer,,,,,,
919,,919.0,,,,,,,,
920,920.0,,920.0,,1.6444514024909167,,1000.0,,,
921,921.0,921.0,,,3.237588072146383,,,,4.137996856959633,
922,,,,,3.959197313158534,,256.0,,,
923,923.0,923.0,923.0,Acer,2.097950260539814,32.0,256.0,12.574057800685674,3.4139248237223634,10680.026168958457
924,924.0,,924.0,,1.8556234217179903,,1000.0,,3.417546328458756,32563.09234295848
925,925.0,925.0,925.0,Lenovo,1.803462348556072,8.0,1000.0,16.0189909437082,3.1346735457300343,31617.262952743706
926,926.0,926.0,926.0,HP,2.2581878689189887,32.0,512.0,11.301286590142732,3.55188044645676,18124.40980082335
927,927.0,927.0,,,1.7526145275266167,,1000.0,13.787679012853824,,31730.7663560954
928,928.0,928.0,,,,,,,,
929,929.0,929.0,929.0,,,16.0,,12.899520559451908,,31852.20156348976
930,930.0,930.0,930.0,HP,2.7735553203744745,4.0,1000.0,12.714197564268588,2.2168308427195296,31378.489586473937
931,931.0,931.0,,,3.991742134632442,,,,,32360.21331265167
932,932.0,932.0,932.0,HP,3.534925673765047,8.0,256.0,12.888954976109892,4.560963646823335,9429.518083614452
933,,,,Lenovo,3.038048595577527,,256.0,11.258314416294011,,10615.154383936717
934,,934.0,934.0,,2.265634051966529,4.0,,,,
935,,935.0,,,,8.0,,,,31682.62474127944
936,,936.0,936.0,Dell,2.817603659779129,32.0,512.0,,2.606448197675812,18076.176555131093
937,937.0,937.0,937.0,Dell,2.5652084597259286,4.0,512.0,16.361567518700788,3.636471021484507,16966.747382653815
938,938.0,,938.0,,1.8267759418504987,16.0,,14.948329903167323,2.6211712501490987,17306.624142207762
939,939.0,939.0,939.0,,3.716510538101167,8.0,,11.048354620052718,3.631919333854903,17545.434177776024
940,940.0,940.0,940.0,HP,2.6244616220533064,32.0,256.0,16.65904893776771,2.6947970742916967,10404.656364747576
941,941.0,941.0,941.0,Acer,1.9865562795519127,4.0,256.0,12.422866795866268,4.546771608428219,9105.360514190024
942,942.0,,942.0,,2.419398377193224,4.0,,,,
943,943.0,,943.0,Lenovo,2.535324381322318,16.0,1000.0,15.608769070285293,,32511.825418557142
944,944.0,944.0,,,3.5688447389171856,32.0,512.0,14.00286389520031,4.436978540741185,
945,945.0,,,,,,,,,9953.512205585715
946,,,946.0,HP,3.4232622341033494,,,,,17555.22769875267
947,947.0,947.0,947.0,,,,,14.284828939173911,3.711228474210925,32513.47571532257
948,948.0,948.0,948.0,Acer,2.540384995449404,32.0,1000.0,12.646307631215524,3.7446926133139664,32885.83478410924
949,949.0,949.0,949.0,Dell,2.703360379088309,32.0,512.0,,,18010.960644367682
950,950.0,,,,1.5479806920576418,,1000.0,,2.720658299625157,
951,,,,,,,512.0,,,
952,952.0,952.0,952.0,,,,,,,
953,953.0,953.0,953.0,,,16.0,,,2.2428612083470645,17261.630105190296
954,954.0,954.0,,Dell,,8.0,,,,
955,955.0,,,,2.0380046800430938,,,15.180170668620493,,
956,,956.0,,,,8.0,1000.0,,,31472.847052929457
957,,,,,,,,,,
958,958.0,958.0,,,3.9396843872751344,,1000.0,,,32150.73202907923
959,,959.0,959.0,,,16.0,,16.14314994235753,4.6707098653873125,17453.133812303007
960,,960.0,,Asus,,,512.0,,,
961,961.0,961.0,,,,4.0,1000.0,,,
962,962.0,962.0,962.0,,,,512.0,11.794427680978728,,
963,963.0,963.0,963.0,Acer,2.8698987224342325,32.0,1000.0,13.29351351186475,3.749383470358608,32725.914020821376
964,964.0,964.0,964.0,Lenovo,2.6359433363999023,16.0,512.0,14.716060724821467,3.736895960887413,17300.98076961925
965,965.0,965.0,,HP,,8.0,256.0,13.726418926879717,2.163535782313479,9506.2435788224
966,,966.0,,Dell,1.7452064519606114,8.0,,15.68113561089797,2.942131420755297,9134.695215844837
967,967.0,967.0,967.0,,,,,,3.4975968405239954,
968,,968.0,,,1.8751216617349609,4.0,512.0,12.14679253069338,2.6497375568817225,16647.177496646727
969,,969.0,969.0,Acer,2.31168981722515,8.0,512.0,,4.617877656457689,
970,,,,,,,,,,9106.686028786318
971,971.0,,971.0,Acer,,4.0,,12.826955196493705,,
972,972.0,,,,,,1000.0,,4.074248172539456,
973,,,,Acer,,,256.0,11.394152698937956,2.7852533004034474,
974,974.0,974.0,974.0,Asus,,8.0,,16.322715903342193,,31374.55966941488
975,,975.0,,,,16.0,256.0,,4.488155450427124,9929.37740987491
976,976.0,976.0,976.0,,,,,13.981373111000291,2.5710109252851425,10382.840434256868
977,977.0,,977.0,,3.8883367162598206,,,16.501652289205495,,17685.069592386008
978,978.0,,978.0,Lenovo,3.467258465638237,32.0,256.0,15.657742865095686,,10881.587053000309
979,979.0,979.0,979.0,Lenovo,2.288517239370032,8.0,256.0,11.783007584703103,2.897696012903181,9453.54246975951
980,980.0,980.0,,,3.220336765216356,,,14.392519805646456,3.2925748261468124,31665.88401371413
981,981.0,981.0,981.0,Asus,,4.0,,13.653513659117356,2.936575651359164,
982,,982.0,982.0,Asus,,,,,,
983,983.0,983.0,,,,,256.0,15.345395285671696,4.3889019902453965,
984,984.0,,984.0,,1.5960658724058123,4.0,256.0,15.142434331466433,,
985,985.0,985.0,985.0,,3.754404980338559,,1000.0,,,32427.605391210767
986,986.0,986.0,,Acer,2.653693661561835,32.0,,15.829782382395528,,18028.999080892296
987,,987.0,,Asus,,,,,3.80415221206569,31359.91338744827
988,988.0,988.0,988.0,Lenovo,3.148384805514457,16.0,1000.0,11.957749408593005,3.0176608951753514,32045.64145051028
989,989.0,,,,,,1000.0,13.01373963786747,,
990,990.0,990.0,990.0,,3.0916742054180184,4.0,512.0,11.460844646415689,2.1232045183712165,16896.06751963396
991,991.0,991.0,991.0,Lenovo,,,,,4.234475226589739,10148.017388946038
992,992.0,,,,,,,15.980905897987508,,
993,993.0,993.0,993.0,HP,2.79602005486301,4.0,,,2.060069689196563,31571.913188565733
994,994.0,994.0,994.0,Acer,1.875422502042604,4.0,512.0,,2.1875208245312323,
995,995.0,995.0,,,,,,,,31593.668017334785
996,,996.0,,Dell,,,,12.67935591347856,,
997,,997.0,,Dell,,4.0,512.0,12.666314524105063,,16552.404779460052
998,998.0,998.0,998.0,,,,,11.215581093115835,3.857612951876464,
999,999.0,999.0,999.0,Lenovo,1.711980040114508,4.0,256.0,16.56149807798665,3.4408827763740675,8807.696701661907
